user_id,day,amount
1,1,4.413290025630926
1,2,3.869889260588808
1,3,12.096162858795113
1,4,5.877499469539479
1,5,10.195888645235627
1,6,1.1765381200265959
1,7,8.958992152318364
1,8,9.694097306697556
1,9,10.716402492661821
1,10,9.664247938784968
1,11,10.395554048604048
1,12,2.2594352111789
1,13,11.354247239869867
1,14,8.473054154335943
1,15,7.2260104932392775
1,16,0.7073609621539472
1,17,10.317510028965037
1,18,9.555245190220447
1,19,9.435986129062949
1,20,4.117485565805758
1,21,1.969635699580031
1,22,1.3174456689264846
1,23,4.855841495326266
1,24,7.6679603362492506
1,25,2.8414602877716173
1,26,8.028488458886141
1,27,6.637295924109843
1,28,4.352920875985996
1,29,11.006305323548567
1,30,1.3802857858473798
2,1,57.31594886005467
2,2,860.6070551627538
2,3,253.66824407754962
2,4,142.17068482149543
2,5,959.4455148081175
2,6,35.3215557731332
2,7,125.73560268018511
2,8,186.30252061450656
2,9,792.2087637345323
2,10,279.31673012097525
2,11,954.8682316202614
2,12,942.44884577919
2,13,893.9631096630693
2,14,946.6619520459311
2,15,948.2425848155062
2,16,498.80479190806113
2,17,339.4529820523999
2,18,266.5294007736449
2,19,627.1773950897931
2,20,276.2176035801028
2,21,570.5860188705957
2,22,559.5073885677858
2,23,946.2339434112454
2,24,157.57121227547907
2,25,778.3067238252761
2,26,214.973071698184
2,27,108.55462985793764
2,28,861.1766141174496
2,29,833.9018792187785
2,30,188.8953554397852
3,1,546.9137799999476
3,2,1024.775961306829
3,3,1141.2593782132756
3,4,244.39162493623388
3,5,495.0603445895242
3,6,258.7921407413936
3,7,128.84434772386533
3,8,779.3370266381799
3,9,494.5394324927278
3,10,619.2061982079733
3,11,1155.604348969024
3,12,1163.395488065943
3,13,581.1386102553552
3,14,1162.5007432688503
3,15,394.4480439588895
3,16,74.18073208463758
3,17,72.1406780829829
3,18,1467.952204805914
3,19,631.785250741402
3,20,799.1123675645466
3,21,242.18584741822147
3,22,361.64878673247074
3,23,65.57238276263077
3,24,601.1398091876588
3,25,1113.9337810268792
3,26,1088.5889525363036
3,27,193.786952973857
3,28,1336.1252948082945
3,29,1288.6506682540203
3,30,903.2572638421568
4,1,1101.8144563141705
4,2,778.7952817245606
4,3,578.9418667376411
4,4,568.3816560255964
4,5,262.51189654285065
4,6,972.005742774358
4,7,605.6087130319075
4,8,886.8489787026092
4,9,535.5091878029607
4,10,789.021521020253
4,11,1364.2299291668342
4,12,618.5330490211932
4,13,684.2184332901102
4,14,539.7346498814094
4,15,825.0809036291346
4,16,551.7193455872485
4,17,285.34805414724264
4,18,130.59162348767376
4,19,491.1316141516988
4,20,1470.0505153415495
4,21,604.5862128736361
4,22,1309.4911306141466
4,23,1049.222053680266
4,24,1029.952125705123
4,25,64.25871096183269
4,26,1346.4221866008556
4,27,713.3600587514504
4,28,1307.0838694555648
4,29,782.663804758006
4,30,1422.514707409382
5,1,609.4690312349327
5,2,2341.625245590468
5,3,3138.5769730192637
5,4,1880.0404612844093
5,5,3385.1630723572907
5,6,2541.218331558931
5,7,675.1336368190593
5,8,2055.7609501802526
5,9,571.9971386258188
5,10,2308.713526331568
5,11,721.5191137031514
5,12,2152.6708120789513
5,13,902.2789816548593
5,14,1053.2548494022283
5,15,3192.770704931881
5,16,3081.205494923289
5,17,2090.0440844727755
5,18,1022.2990156040712
5,19,782.745925390977
5,20,2948.8065686929367
5,21,1563.9237578894636
5,22,1669.6113013609158
5,23,869.862134611005
5,24,3287.8360868836144
5,25,3715.8776943104867
5,26,3109.129297043428
5,27,2440.0904575850973
5,28,685.9837382527764
5,29,1297.177966039013
5,30,964.0447367237416
6,1,255.25883245641685
6,2,141.969843220262
6,3,64.0130776980656
6,4,610.3569506468027
6,5,214.91314684176666
6,6,137.04207202038606
6,7,67.29466339922644
6,8,425.8591082198159
6,9,531.371774601355
6,10,552.3558158182755
6,11,304.9355940418376
6,12,280.67442815617255
6,13,201.4612212206833
6,14,272.43560013515383
6,15,406.19387033054085
6,16,598.8305902699112
6,17,480.14557688902255
6,18,212.5606514063094
6,19,214.87881220773102
6,20,524.2966853465564
6,21,273.04704259147957
6,22,499.7984939274135
6,23,202.5546964656988
6,24,526.1664477613903
6,25,370.60805352360046
6,26,42.17292536852648
6,27,43.03538982314524
6,28,63.22106056262375
6,29,187.2571026324009
6,30,184.2142038214713
7,1,1749.8148292258238
7,2,993.6401145439669
7,3,386.65527823048564
7,4,1767.4627351615547
7,5,958.3964702498645
7,6,382.31017942390474
7,7,1781.1990728940139
7,8,1060.8176298618869
7,9,1306.8759946312932
7,10,1437.1110754509648
7,11,1682.0306046251164
7,12,519.3955775232291
7,13,198.0037978110946
7,14,2082.5315910354457
7,15,230.93684079310904
7,16,943.3621960388064
7,17,1039.8346910037849
7,18,2100.4257646561373
7,19,681.8005884955082
7,20,1454.9967842004928
7,21,1378.0078863573283
7,22,777.349104818386
7,23,968.583537258795
7,24,1712.3654334824978
7,25,1163.116269812108
7,26,1058.0698681155268
7,27,570.9980138867012
7,28,312.67256151226786
7,29,127.06946492658575
7,30,810.7278562548403
8,1,1.6281876840486782
8,2,4.014108518391949
8,3,3.2487075183173886
8,4,3.467022614350009
8,5,1.443646438759972
8,6,3.913674070271252
8,7,4.412912202217074
8,8,2.3660866270722636
8,9,3.3877180557816757
8,10,3.380861332806197
8,11,0.48998799337320575
8,12,3.802038932260771
8,13,1.5557488906453147
8,14,3.82403732457564
8,15,3.8937861954240334
8,16,1.2977987898722059
8,17,2.9906719658836476
8,18,4.959082193615726
8,19,4.539296894361231
8,20,4.062755000069226
8,21,1.7841418862188545
8,22,1.7515490827360158
8,23,1.3656765139715124
8,24,1.909177455825612
8,25,4.692587764917868
8,26,1.1929881045529414
8,27,1.1152527126520613
8,28,3.7614670931913023
8,29,2.313931870488087
8,30,1.490739464433282
9,1,218.91893601531373
9,2,173.99594111131717
9,3,766.0401646558119
9,4,171.64212925203822
9,5,63.630916459355674
9,6,477.0916103827484
9,7,147.4480373268127
9,8,845.0234972247625
9,9,673.2024873145556
9,10,63.55043808324102
9,11,812.9717210497698
9,12,162.4302598346606
9,13,387.618184909797
9,14,261.47045686183355
9,15,571.7069100003524
9,16,533.2491569334725
9,17,653.6834392431881
9,18,842.8442017052381
9,19,539.6281498683431
9,20,509.8027330635493
9,21,537.8313215142356
9,22,311.5739193360168
9,23,122.73458472596369
9,24,661.4531911758932
9,25,86.2672507702928
9,26,336.1303884288793
9,27,810.887529770533
9,28,185.6162813901686
9,29,456.3871079902638
9,30,782.1814205786691
10,1,63.13779491427811
10,2,159.2098044724939
10,3,233.73882815307192
10,4,329.9111665944396
10,5,43.91008837513292
10,6,414.7926776881517
10,7,182.25746988694834
10,8,33.462637102008635
10,9,259.3450670455669
10,10,74.4801628027229
10,11,424.0303752691625
10,12,155.98644524059307
10,13,117.31898893899431
10,14,50.312466496261074
10,15,222.50490416229056
10,16,384.13279496305154
10,17,369.3147440349666
10,18,138.83842183565685
10,19,84.70506338477587
10,20,241.0013520289715
10,21,409.6708095093818
10,22,454.7721807451873
10,23,172.5953409938156
10,24,305.59130125969904
10,25,263.78301180259024
10,26,409.70304168000825
10,27,221.59975651251958
10,28,480.2734655228473
10,29,67.67794767102762
10,30,170.66374665916692
11,1,1719.9222429729307
11,2,2444.0104860963593
11,3,1887.7794856543455
11,4,2477.4314824746793
11,5,1294.9788556294443
11,6,1651.6551584839654
11,7,1768.7271542051176
11,8,1072.0969159353242
11,9,961.3901812645396
11,10,543.5599884495216
11,11,316.347803752582
11,12,754.737383044174
11,13,1679.0973134928836
11,14,830.7834326111112
11,15,1603.9495892954023
11,16,2059.300303868709
11,17,2221.366381189917
11,18,134.51692636064547
11,19,974.0061442097085
11,20,685.1526154957355
11,21,2200.8971116703415
11,22,2484.0267529107705
11,23,936.1767100746071
11,24,1488.282210121668
11,25,1015.4201979424934
11,26,1511.7121915091095
11,27,1701.4022758453568
11,28,616.880177853144
11,29,1639.887328368045
11,30,1228.9171155590702
12,1,521.5610883358993
12,2,268.85539823854026
12,3,517.0102427086267
12,4,375.92319243454045
12,5,329.5882043344679
12,6,311.31362874998797
12,7,96.42765473749874
12,8,336.68649802829117
12,9,452.61527705928995
12,10,92.12839521984927
12,11,554.8860313148243
12,12,275.71448994596534
12,13,279.8685103505443
12,14,307.7508990119794
12,15,444.69027939216403
12,16,388.9477037685694
12,17,558.4517866973564
12,18,96.30348148183504
12,19,584.8800438071928
12,20,462.9273950241802
12,21,331.08518118957124
12,22,505.2793059308517
12,23,341.8068839110013
12,24,556.6538604146789
12,25,271.2043055922019
12,26,224.6351018541403
12,27,216.77719298639155
12,28,552.0620311570102
12,29,266.61020954778024
12,30,201.69781083236572
13,1,459.2076994069635
13,2,459.21585820295996
13,3,433.8745787358806
13,4,17.15752647888229
13,5,23.442936794355703
13,6,483.89607726507194
13,7,291.0540603485206
13,8,146.22907290809408
13,9,379.1345326044783
13,10,447.08336638982433
13,11,59.592270969132855
13,12,274.97575925533835
13,13,28.764206451729727
13,14,125.69070661174219
13,15,85.4330589753642
13,16,496.82030496647144
13,17,296.28565308629493
13,18,73.77991153385508
13,19,122.62268269162539
13,20,412.44086423465575
13,21,51.34657831323686
13,22,354.2951937009389
13,23,188.2275241782073
13,24,443.7500137766353
13,25,404.3034972705349
13,26,481.69293658845885
13,27,239.63867380273882
13,28,103.432641928207
13,29,31.79247682236907
13,30,53.32046896071432
14,1,262.27279097832223
14,2,1988.8661086807988
14,3,188.47254231018138
14,4,1941.3148483977923
14,5,1315.4663877844541
14,6,363.4420950741399
14,7,554.5164747192005
14,8,1969.1765702370292
14,9,655.0824091316275
14,10,1143.558494673169
14,11,1228.0164648417963
14,12,1135.9171300328135
14,13,1448.0341498883658
14,14,1418.252454290326
14,15,1947.9560452631583
14,16,1972.9550750525539
14,17,1538.5847718980447
14,18,624.6523734940638
14,19,948.7413799045258
14,20,1007.7932969301971
14,21,1882.3331456518918
14,22,1964.8487740233265
14,23,1468.382762515374
14,24,1455.4338019401646
14,25,1136.8584570237106
14,26,1544.2008659587068
14,27,767.4924188803985
14,28,344.347676721095
14,29,720.9710412778585
14,30,1316.4600674876526
15,1,136.4420861383004
15,2,138.7325897170796
15,3,19.097368173993416
15,4,96.68944789320271
15,5,116.83457063270042
15,6,87.2146791325699
15,7,95.91272985770392
15,8,95.80606179281327
15,9,126.45922235310373
15,10,91.62494999234194
15,11,54.33397872280767
15,12,48.578141291790025
15,13,92.93377789613568
15,14,85.39541921440659
15,15,145.8186751162754
15,16,119.06374307858195
15,17,115.51900347273451
15,18,10.319058058074727
15,19,144.55721604910065
15,20,99.94497363064028
15,21,109.64201667560424
15,22,110.77431204542142
15,23,107.51600835594218
15,24,83.0691963108301
15,25,67.20025551916117
15,26,66.83950899923478
15,27,141.4474529466805
15,28,119.01489703320193
15,29,17.598397162492407
15,30,42.44899952626727
16,1,132.93932041554862
16,2,131.75503848612388
16,3,141.74827036020352
16,4,78.6118129524941
16,5,121.28410055296983
16,6,115.74310757278462
16,7,18.511425874243763
16,8,106.31007984574484
16,9,42.457764845512344
16,10,173.90465723307878
16,11,90.70048122646325
16,12,72.4475074037812
16,13,45.5525699420825
16,14,139.89991834329206
16,15,20.956200759539747
16,16,136.85824239695785
16,17,86.31227864049306
16,18,29.564447837029856
16,19,105.47650697561937
16,20,91.47190997306087
16,21,26.02120073965193
16,22,123.9221628813383
16,23,154.3641062605673
16,24,14.93513125608166
16,25,124.96973240009707
16,26,141.09858761062983
16,27,87.58992789498991
16,28,74.60299394061131
16,29,80.30688743471862
16,30,87.97308085068738
17,1,1290.6465030961149
17,2,1714.5917886423167
17,3,257.3777382109511
17,4,1253.6564931754015
17,5,1519.5665130547577
17,6,131.20350724414175
17,7,826.9130831194504
17,8,674.0934271672247
17,9,1438.114376473071
17,10,662.3578449063274
17,11,385.76295798344313
17,12,304.99066096745764
17,13,1273.3003100935941
17,14,728.7499555205438
17,15,1869.8793254601524
17,16,170.40990955488854
17,17,334.8940297545755
17,18,1755.999422676953
17,19,119.87951793793
17,20,253.13564235445048
17,21,79.45594895928149
17,22,1131.5201374716657
17,23,1726.7172844499485
17,24,1543.899540948913
17,25,684.0319566488749
17,26,1499.6612183296536
17,27,702.2886714621565
17,28,1342.4900770449617
17,29,1723.5106313994138
17,30,1676.2036877588357
18,1,772.7053742241003
18,2,726.8233388715668
18,3,1365.7942818450572
18,4,1372.781497568081
18,5,261.86121651455045
18,6,553.5837355712306
18,7,301.6433087839102
18,8,1294.3893246197374
18,9,304.1557385726644
18,10,977.7246925405667
18,11,1326.8200999505714
18,12,443.0796998492383
18,13,805.1108507780265
18,14,185.53197366382446
18,15,1438.6138476314547
18,16,158.57040826692764
18,17,178.91553173259686
18,18,584.7661395118208
18,19,565.4925080758135
18,20,1006.6232628311263
18,21,327.54117503152423
18,22,1512.9659423185817
18,23,351.57962011177113
18,24,644.1000586545092
18,25,547.3372556381836
18,26,1390.163752733491
18,27,565.7284493593863
18,28,619.8978343184845
18,29,78.05361083038099
18,30,284.9396582475616
19,1,963.8272551946941
19,2,373.617668206514
19,3,1981.4911744442086
19,4,553.7985621503099
19,5,1260.1879839989426
19,6,2143.762501556813
19,7,647.8073792418991
19,8,126.5334334912917
19,9,697.5116959127266
19,10,1699.9145999549203
19,11,899.1199705712448
19,12,1815.0560136915522
19,13,1974.4899516748596
19,14,1262.4196173485384
19,15,390.3995929982923
19,16,600.9720287766241
19,17,621.7007098869526
19,18,754.8815307433468
19,19,1174.7610527578108
19,20,1125.4250039612348
19,21,536.943176477678
19,22,501.3839932431236
19,23,824.6865818182329
19,24,1480.1312253396814
19,25,2050.0808228254887
19,26,295.2486709205767
19,27,862.8814736864334
19,28,1781.9534959392572
19,29,1404.8474091874234
19,30,2112.253101665205
20,1,4.635010780595146
20,2,7.180171558104983
20,3,1.759581177354225
20,4,5.546420387862549
20,5,7.223590383164574
20,6,0.5100735693604589
20,7,0.7038793310744624
20,8,2.5107262329845237
20,9,1.6902068371885117
20,10,2.2192037017096546
20,11,2.5466268713584315
20,12,5.728711249465067
20,13,4.69928991642887
20,14,1.6172466866104318
20,15,3.5596494488331243
20,16,4.972207086450092
20,17,6.168115343471789
20,18,7.071780816375862
20,19,0.7730807623109897
20,20,0.9022667228353357
20,21,1.8500064231531692
20,22,1.8178894584863932
20,23,1.906770546561585
20,24,4.233705373177408
20,25,7.056015182524648
20,26,2.5462382910798222
20,27,1.2880659346435015
20,28,4.392152520936088
20,29,2.9711822037784907
20,30,5.144138654764453
21,1,165.22377375592183
21,2,107.94480458350752
21,3,182.75940425113518
21,4,136.01889469764126
21,5,163.75234583235206
21,6,182.87275029221695
21,7,121.71292236230951
21,8,150.27948680496087
21,9,78.32830585054116
21,10,16.64685263190075
21,11,258.60687935732517
21,12,162.73322478939224
21,13,234.4993879107681
21,14,42.35290775796251
21,15,150.56063550862055
21,16,260.1439805883033
21,17,60.49683865163792
21,18,18.372675176522225
21,19,196.25521232179187
21,20,272.54378072816047
21,21,230.35328235645406
21,22,84.67156716368613
21,23,183.92365758466084
21,24,173.5966907373154
21,25,134.88151094095423
21,26,217.75034721441548
21,27,148.04721208919523
21,28,35.857898248712765
21,29,202.66129983553228
21,30,174.5909277508166
22,1,122.17541579069352
22,2,195.33095972701742
22,3,215.8949711768297
22,4,526.7036768681608
22,5,140.32572896278853
22,6,304.9259060226635
22,7,161.9812651136028
22,8,28.49700231571712
22,9,529.6001536614857
22,10,532.981143192999
22,11,392.92662715570634
22,12,189.38052924751614
22,13,361.10990154997796
22,14,125.43540821688157
22,15,684.4980206480695
22,16,243.24702553651483
22,17,677.1998260616517
22,18,658.2669629248452
22,19,117.05187493640284
22,20,186.11435319216542
22,21,619.51677386196
22,22,656.7846334213347
22,23,340.79204269468096
22,24,66.52921541830486
22,25,594.8849780407443
22,26,273.10122262412546
22,27,129.94087706852025
22,28,370.6226340874506
22,29,498.85119125747946
22,30,310.51746268682984
23,1,789.1563564586156
23,2,565.2142158571518
23,3,1790.1569788344527
23,4,1695.9499813360803
23,5,1022.6382533823522
23,6,673.9142840597167
23,7,1648.4643468543907
23,8,1666.042339115314
23,9,226.17487246678797
23,10,355.80093202524205
23,11,351.1432288902201
23,12,1782.5212668411002
23,13,1823.8040239708769
23,14,1547.8375783520169
23,15,230.5489222250851
23,16,1936.4988372410999
23,17,757.6226642941073
23,18,240.58403504761236
23,19,906.4213060599884
23,20,741.1372155131729
23,21,888.3229871960822
23,22,807.865752665611
23,23,1199.7177536777242
23,24,268.54625656951134
23,25,1230.0645499280631
23,26,1770.8197403519116
23,27,2002.7044090662923
23,28,1773.2492557816752
23,29,2176.0730757273373
23,30,1984.2560863609863
24,1,112.98078342667726
24,2,95.7053753680825
24,3,162.30520150669787
24,4,149.32511384722767
24,5,115.83245886054071
24,6,28.42483093107771
24,7,75.15758664541143
24,8,94.74515805017694
24,9,112.4996933142257
24,10,23.325942993614213
24,11,89.00188691177544
24,12,154.87307808419024
24,13,6.228847844588812
24,14,68.81834146089231
24,15,42.158719908360084
24,16,51.05229436657122
24,17,129.25573859729855
24,18,36.73822327945452
24,19,26.030798038444406
24,20,174.48998434375667
24,21,18.4607308407639
24,22,43.33818542020213
24,23,149.53269999408957
24,24,152.3987250872619
24,25,21.896064629656394
24,26,53.30093258790212
24,27,124.84709411466254
24,28,112.45918995093271
24,29,60.3801606811832
24,30,50.807980714907835
25,1,104.1007538318948
25,2,35.6873723775016
25,3,38.15140643721297
25,4,11.491458096032765
25,5,135.61910698460167
25,6,102.955268803628
25,7,93.8013360010312
25,8,70.22577895202778
25,9,47.47168729163144
25,10,44.21778654849572
25,11,125.84901347631845
25,12,201.2082460481818
25,13,185.2499303814583
25,14,85.45647904617638
25,15,163.1431842907375
25,16,170.3170657869427
25,17,81.60822197127517
25,18,129.56828965098703
25,19,119.90899291913591
25,20,104.43356230088858
25,21,76.9778246734449
25,22,36.683602180710515
25,23,145.74128843053236
25,24,98.83458834935149
25,25,108.91512078067116
25,26,126.41906673464054
25,27,77.60613258895418
25,28,142.48156042578265
25,29,204.57382825184513
25,30,159.4453532523559
26,1,359.78792874241793
26,2,607.5170552686304
26,3,204.54639041238624
26,4,669.9204060581241
26,5,115.13239372223313
26,6,1487.2375683247747
26,7,1440.4154579045119
26,8,1380.9644124494537
26,9,555.8677255736105
26,10,745.8043897667768
26,11,942.6929810404589
26,12,858.4453515458999
26,13,807.8804150680915
26,14,698.7436250032163
26,15,1371.6432635121894
26,16,1213.7742800792257
26,17,390.5020987495171
26,18,736.2963783776588
26,19,1412.479372373723
26,20,430.3075980227476
26,21,1212.9288401858983
26,22,1125.3533213091484
26,23,212.25927590119954
26,24,1075.0180384994696
26,25,77.39412608178232
26,26,810.3201479107671
26,27,1028.2169042750086
26,28,901.1685689601068
26,29,467.38321869171983
26,30,624.3216586820604
27,1,94.42879013041286
27,2,88.69522628531696
27,3,45.046603209534275
27,4,93.8072636242185
27,5,59.75462021459611
27,6,6.271710053454639
27,7,17.72718489857247
27,8,47.52343254030842
27,9,70.68971023153865
27,10,54.631019523440386
27,11,18.575927723733326
27,12,41.33123435934945
27,13,28.55466171380489
27,14,76.10863971423638
27,15,13.39223046603173
27,16,76.41171261611949
27,17,24.79452058812809
27,18,18.347590324867785
27,19,50.21288091699253
27,20,18.58012964414904
27,21,25.3447946187927
27,22,59.17331525029871
27,23,56.83905463609968
27,24,59.88965754171509
27,25,36.499819962064294
27,26,91.8616504641535
27,27,80.14080942658522
27,28,44.16573878309298
27,29,22.682384939747443
27,30,19.80090265139499
28,1,95.45745250966637
28,2,69.19063632713247
28,3,75.43549698965163
28,4,61.035638397428
28,5,91.4382091782068
28,6,55.23971752854751
28,7,96.99815367759255
28,8,90.8272092437157
28,9,7.14474794199228
28,10,4.961347529252222
28,11,45.515791209938556
28,12,27.760561084943042
28,13,96.25221797738614
28,14,67.03774466084575
28,15,36.73566785710022
28,16,58.50523140018269
28,17,68.20110504363247
28,18,29.25989603411273
28,19,7.521823471147127
28,20,97.0062143039219
28,21,45.47000442607146
28,22,8.498970208044142
28,23,68.23262052297069
28,24,75.6320050937978
28,25,25.45967341956795
28,26,14.938921791654465
28,27,47.1462775532288
28,28,91.94460188129824
28,29,74.12701454268502
28,30,86.91565155469924
29,1,201.54047940784315
29,2,275.612191662323
29,3,618.8046580830589
29,4,191.0743145370558
29,5,699.680531496492
29,6,537.905008209322
29,7,372.4175881309607
29,8,293.44333816165465
29,9,218.5378036543293
29,10,433.42380276506645
29,11,88.32412325055334
29,12,709.10045489
29,13,234.0613210635367
29,14,102.32491981754603
29,15,71.45864341794642
29,16,91.81182490968476
29,17,704.5714690539098
29,18,718.6856869563441
29,19,518.0012576896057
29,20,187.646444695034
29,21,744.8883451391712
29,22,600.9306119404179
29,23,578.5831452864986
29,24,638.3129963127913
29,25,355.01528151920996
29,26,28.120768677591187
29,27,599.7042258039995
29,28,606.0749102203412
29,29,40.62666789316074
29,30,108.90831863323228
30,1,521.3469208261247
30,2,275.65457830042044
30,3,159.83006201357028
30,4,509.6287810545926
30,5,758.5099294597517
30,6,187.1639045224497
30,7,831.9272870772533
30,8,680.2963270275736
30,9,527.2786842971626
30,10,182.72388218524623
30,11,244.32395019443192
30,12,341.11842948851137
30,13,422.85990249590833
30,14,288.6588975064302
30,15,650.9258439525809
30,16,109.13292207039201
30,17,148.75912121575246
30,18,196.90697435740688
30,19,137.930913921045
30,20,81.77710569163659
30,21,402.58075158341427
30,22,610.9150956706119
30,23,596.2355666821087
30,24,848.5660633537169
30,25,224.23190386768263
30,26,44.20261376135422
30,27,237.05886985671367
30,28,86.48850169773216
30,29,574.6518960897106
30,30,839.9209518250397
31,1,1416.6770010820792
31,2,423.3553197494731
31,3,1243.6770405896254
31,4,1182.1199663012228
31,5,1389.478408994862
31,6,55.8447063209686
31,7,1045.7654392493398
31,8,875.7310949103208
31,9,955.4187271023322
31,10,232.55990740946564
31,11,1355.3136451424725
31,12,1138.9229768050106
31,13,531.2397927709192
31,14,997.8291424360939
31,15,1367.7172227551905
31,16,868.5100971828028
31,17,249.90789934235792
31,18,424.77378548765296
31,19,843.9199955402809
31,20,1070.5129597158523
31,21,1015.4318348715839
31,22,360.94246284853097
31,23,834.6335424948437
31,24,1281.6166686709657
31,25,726.6987175304117
31,26,692.8403012053512
31,27,809.4655708305124
31,28,100.40089903049908
31,29,1116.7695058537263
31,30,1397.8408665886093
32,1,5.540571861231472
32,2,4.261033893358861
32,3,6.204134020546036
32,4,10.504977055865083
32,5,4.069908016881312
32,6,11.120243756474641
32,7,6.789447329616916
32,8,1.6896332471803952
32,9,13.728631182732125
32,10,11.040088954452349
32,11,9.117844431992012
32,12,13.478436588369885
32,13,7.607075415118265
32,14,11.644451849222218
32,15,10.720468063978899
32,16,1.0503172530395708
32,17,4.081577130406258
32,18,7.8580501458843965
32,19,12.138678880948584
32,20,12.012973613255168
32,21,10.7023004288557
32,22,7.352600925504772
32,23,4.716319437626564
32,24,5.448946758012928
32,25,13.720045466876364
32,26,4.679333968072988
32,27,5.737735115112381
32,28,0.9887100223037673
32,29,6.145559824930025
32,30,10.610312040426669
33,1,701.6885960243403
33,2,1244.349324823743
33,3,943.2837766101845
33,4,234.33161894947213
33,5,270.04313927945526
33,6,86.61965816106917
33,7,447.61466328403617
33,8,410.78744006623515
33,9,202.22928546525532
33,10,1244.5396465060703
33,11,116.13242182923939
33,12,636.0844735732484
33,13,879.9438021010329
33,14,522.3872678350195
33,15,568.6235692511624
33,16,262.82282180309545
33,17,1196.649081054345
33,18,364.6661195629546
33,19,426.44704554814876
33,20,87.65232996890961
33,21,261.1283026885951
33,22,1084.4890282921137
33,23,290.1835799706857
33,24,701.6045668944362
33,25,463.7630620762595
33,26,1085.2592053279502
33,27,994.9341372380684
33,28,361.23003977961645
33,29,393.60773296647375
33,30,562.8584398998811
34,1,205.58998144886596
34,2,27.805411503423688
34,3,48.31979340468036
34,4,209.17605790436838
34,5,151.84899169623588
34,6,133.4584086430835
34,7,211.24526838865336
34,8,249.64934239355983
34,9,100.95335757593195
34,10,121.7153790289413
34,11,117.13451247188544
34,12,66.83458789339656
34,13,162.2474230461337
34,14,27.535168246187038
34,15,106.76694927573782
34,16,156.20562855348336
34,17,98.70755457006439
34,18,51.345714121186994
34,19,14.374278414768025
34,20,63.562942787461374
34,21,151.70630672986388
34,22,110.3776323061697
34,23,89.27316200076568
34,24,234.64824258338282
34,25,113.5826235270162
34,26,261.48860806508895
34,27,13.957940534885122
34,28,102.19050413396882
34,29,97.15221983367582
34,30,51.20079664727896
35,1,301.469935133223
35,2,149.08757926801323
35,3,571.3319446801872
35,4,782.1533286927076
35,5,907.4194016614507
35,6,397.45851033656294
35,7,214.77010166333054
35,8,276.1397625015965
35,9,820.3026328538349
35,10,904.0821223635785
35,11,553.9449559699652
35,12,149.92825227927352
35,13,208.9428395441618
35,14,556.5556206148345
35,15,560.3710495933772
35,16,350.3879610663506
35,17,708.0124139890474
35,18,252.4593176567521
35,19,828.8977961540866
35,20,164.40960632461605
35,21,546.0843096247597
35,22,586.9028872407205
35,23,303.2820010190364
35,24,674.7220899496152
35,25,527.2377071590487
35,26,111.24857889269407
35,27,511.4404061711164
35,28,634.394825085585
35,29,677.6804256525168
35,30,748.896695455747
36,1,12.272804841832283
36,2,3.684329043367536
36,3,7.610767512260262
36,4,35.13489854456155
36,5,29.203815925463406
36,6,32.363225632026214
36,7,17.20799124908744
36,8,8.782954259936549
36,9,25.00730739488913
36,10,12.061732394716262
36,11,2.156607194476597
36,12,33.091997120074076
36,13,10.63308258503494
36,14,16.061858638577743
36,15,32.94375352409646
36,16,5.059843078557301
36,17,31.278813298521445
36,18,30.42392537669917
36,19,4.4561356318441225
36,20,24.9645040537787
36,21,4.206430669145522
36,22,12.392243300225607
36,23,18.15887007385348
36,24,30.27999148876687
36,25,31.267561609846567
36,26,18.537047216166965
36,27,29.148864480333692
36,28,19.625041732857728
36,29,1.3522174817199157
36,30,2.521965404389945
37,1,55.057791012722234
37,2,588.1634002048623
37,3,293.13513096647006
37,4,479.26773826417946
37,5,380.4357883842648
37,6,47.57542626567813
37,7,114.38415229921374
37,8,579.720233314503
37,9,401.3066123759072
37,10,173.0142976293179
37,11,562.6603806417174
37,12,555.904435059141
37,13,126.91251752381707
37,14,153.9428765826783
37,15,604.914998555868
37,16,415.1256616406958
37,17,522.5736075229953
37,18,491.5320959062302
37,19,122.72594947525049
37,20,30.578371132829325
37,21,50.19157497065854
37,22,322.355889401511
37,23,113.20391056861148
37,24,246.86726456062658
37,25,199.7418769174406
37,26,309.43850964626375
37,27,611.5049534122245
37,28,183.04733008970183
37,29,376.00176492487566
37,30,377.04429112588235
38,1,316.1554744968632
38,2,278.40999251447397
38,3,34.11482535938164
38,4,118.21074169401099
38,5,68.537160114558
38,6,159.65915196544563
38,7,271.87937860089914
38,8,118.65938992912514
38,9,220.8717534858515
38,10,134.12719831511185
38,11,210.843079509976
38,12,173.01358662395447
38,13,40.90316580973559
38,14,122.23246546108803
38,15,153.06430611706818
38,16,312.8817841061313
38,17,54.646789469220714
38,18,101.67609267856201
38,19,119.45674043201376
38,20,243.13172248739363
38,21,241.312610633391
38,22,202.48013133696816
38,23,65.01292230345008
38,24,23.082872260762258
38,25,145.22183404330556
38,26,174.50758567647986
38,27,182.48921219812402
38,28,291.29990283363804
38,29,213.90059668933424
38,30,246.39267882545371
39,1,275.72835240747094
39,2,551.5658833415876
39,3,178.7633943179508
39,4,400.3363941141298
39,5,393.46107196156885
39,6,407.6622160918405
39,7,278.23942665604363
39,8,258.4072434720071
39,9,361.2002241624363
39,10,135.1281935440838
39,11,276.22097719345214
39,12,193.91439109508542
39,13,62.216722748389714
39,14,495.82042713122775
39,15,280.3085926119524
39,16,527.5880944996685
39,17,218.44602269094582
39,18,318.1422155099718
39,19,158.8217543659061
39,20,388.7807909953796
39,21,503.474322064051
39,22,267.05621070812936
39,23,151.62976022686817
39,24,287.21838685336525
39,25,425.7230768804106
39,26,473.5589510799622
39,27,453.3980648247813
39,28,423.54836505933747
39,29,521.6120856423921
39,30,510.78618618098307
40,1,829.8855330557589
40,2,211.2078507522744
40,3,1208.5276001859543
40,4,299.97084846810844
40,5,610.7869121399111
40,6,1771.7089578135453
40,7,1713.6371480092307
40,8,1582.5071555497086
40,9,1350.9355775607823
40,10,423.11526133327436
40,11,769.4195612079995
40,12,220.58861286932833
40,13,1132.3658995631401
40,14,232.64319369427895
40,15,1951.4129221381309
40,16,625.8859578678013
40,17,1954.6208637929356
40,18,764.4927485658313
40,19,1312.7237304497294
40,20,936.6153689035864
40,21,1456.7785167162303
40,22,480.1004492320362
40,23,153.81048946208378
40,24,984.859464814783
40,25,824.2197667895352
40,26,1242.8963976543112
40,27,577.7327156230326
40,28,1237.7209777327257
40,29,931.1254600117626
40,30,460.3268051630905
41,1,761.7003867933297
41,2,1199.4079565825234
41,3,110.0749491320109
41,4,1068.7106539144265
41,5,457.2407953156734
41,6,1283.1594562498922
41,7,647.7112555820064
41,8,1249.081831829886
41,9,878.503979769856
41,10,317.37522949058257
41,11,1082.763021637929
41,12,290.67027959807245
41,13,724.5080950567898
41,14,758.1440214456276
41,15,471.9393814159891
41,16,1065.1569480286623
41,17,1147.7548213163134
41,18,74.03299688678628
41,19,388.1498927131734
41,20,1485.282347163232
41,21,125.57390836571783
41,22,358.72745140979265
41,23,1248.277685967367
41,24,196.69364430652
41,25,289.6506609310888
41,26,284.201283418732
41,27,1148.5855447369845
41,28,116.8286648063843
41,29,161.5083850213736
41,30,1487.3785046596215
42,1,139.88867692989132
42,2,252.82922675606005
42,3,920.4382610181111
42,4,1166.4004564918184
42,5,558.8394140003097
42,6,925.8278437632267
42,7,394.0565437998998
42,8,1115.2189334776647
42,9,1234.8967838211495
42,10,1200.3282732813916
42,11,658.9647992133355
42,12,1199.807416654209
42,13,143.37889461868923
42,14,1330.1090732572047
42,15,80.6458624625594
42,16,312.81574730790544
42,17,854.1507131156009
42,18,741.8237094909924
42,19,1207.0004657766415
42,20,1205.7053365185159
42,21,208.96820150136207
42,22,1451.1112048274467
42,23,277.72341281306433
42,24,1396.277099137317
42,25,684.8435849992892
42,26,608.2541144353966
42,27,605.8410649316122
42,28,835.1630259963664
42,29,602.4666213440349
42,30,234.80467652078363
43,1,1813.5597811614446
43,2,597.9268713281105
43,3,383.72197461805507
43,4,466.52264949464717
43,5,901.7490213661782
43,6,2297.548265737737
43,7,2264.9151756681986
43,8,2088.6352001078944
43,9,658.2308615210687
43,10,1576.0843827487658
43,11,1780.6119380901525
43,12,685.8428770992178
43,13,1285.8085268621037
43,14,2021.2160665017493
43,15,95.67502263188467
43,16,1694.2372196635895
43,17,2345.064359789638
43,18,1288.6332180064894
43,19,1602.1940378497895
43,20,2358.962248589009
43,21,758.6070417342363
43,22,1593.052505868931
43,23,1481.986086560585
43,24,2035.010288693249
43,25,273.30308344096784
43,26,1793.9334305506884
43,27,153.91843515870832
43,28,244.2777289330116
43,29,1829.0901522582826
43,30,1049.8679424196762
44,1,71.35659838596224
44,2,19.342142043267778
44,3,127.52580128276651
44,4,36.30878966503096
44,5,142.44780947371498
44,6,91.79058613237542
44,7,119.77066885985278
44,8,27.367820720190295
44,9,159.31094674781363
44,10,131.98562771272628
44,11,39.825516518168754
44,12,107.9462250979293
44,13,46.08865534455017
44,14,89.89329886168402
44,15,136.26335912471208
44,16,134.36452886529224
44,17,66.13724311839891
44,18,162.0049536551132
44,19,95.77574150965455
44,20,85.76579187772604
44,21,20.324990608794092
44,22,19.580295873889263
44,23,48.594542037282224
44,24,135.34803389235688
44,25,14.538500093349006
44,26,99.85475917317564
44,27,12.285858138814339
44,28,13.720243125983211
44,29,100.27353751752528
44,30,12.398477545527603
45,1,532.0642106409564
45,2,288.21964201960014
45,3,635.9889259953966
45,4,503.0133951179424
45,5,451.30999751977976
45,6,160.6465920694282
45,7,1328.5802087122029
45,8,461.8222853196041
45,9,498.7920250999829
45,10,1050.2473003488337
45,11,1255.6433106360757
45,12,934.2328823020384
45,13,535.4108966785282
45,14,865.4756345164567
45,15,857.337676380514
45,16,542.1434471452577
45,17,355.89832048512176
45,18,1130.6833492241963
45,19,503.6937646965764
45,20,328.19457238647834
45,21,1056.6942346181422
45,22,490.36624316725005
45,23,233.5066851238006
45,24,799.3799281691134
45,25,533.465033296424
45,26,1263.7656908025424
45,27,586.7571013724314
45,28,1292.8734957258894
45,29,170.10324892456293
45,30,808.6807402768779
46,1,713.7828036330557
46,2,87.94394919243427
46,3,1191.2295056629923
46,4,583.4587540803699
46,5,1009.9342032193653
46,6,1156.9968896099049
46,7,511.1606388976436
46,8,1058.306045796144
46,9,937.0341556262305
46,10,1070.4784386764438
46,11,380.33793752199034
46,12,419.7037580570926
46,13,668.0173071647353
46,14,92.08641528508946
46,15,707.1298140157703
46,16,442.4143104156575
46,17,710.3958360464942
46,18,752.9008324258223
46,19,1074.0056777903956
46,20,635.6202088215699
46,21,1020.3392217657099
46,22,679.7878389924937
46,23,284.4610169086065
46,24,456.2093682410309
46,25,419.5723589787687
46,26,440.22161568335997
46,27,680.3162162688144
46,28,195.5150838844977
46,29,250.89151776019457
46,30,1238.040212575705
47,1,625.3905058460084
47,2,53.2874214606883
47,3,509.9795284399171
47,4,475.26138468405804
47,5,94.34603101439275
47,6,620.0707160312625
47,7,367.0377111023998
47,8,125.05939363569308
47,9,831.2644146517316
47,10,55.21199089671818
47,11,790.5097343946252
47,12,472.9452502894124
47,13,441.18743074056664
47,14,623.8711943601907
47,15,705.4574472604281
47,16,80.55147368573226
47,17,244.24212410566093
47,18,409.5440403322706
47,19,124.21763815712892
47,20,173.13202029490645
47,21,577.9624273882932
47,22,330.92890606932946
47,23,535.538910874315
47,24,736.340215091185
47,25,830.9113325895327
47,26,402.89306128738997
47,27,599.6568293322971
47,28,331.7965473960445
47,29,315.6356436204504
47,30,391.4258905909107
48,1,379.08907631544156
48,2,493.93252755421776
48,3,229.1285171639065
48,4,475.3010836356743
48,5,272.4569567704285
48,6,105.1610802673563
48,7,366.92552125169914
48,8,383.48527431722744
48,9,610.5738578516825
48,10,45.48958993880288
48,11,29.06879273309747
48,12,67.61788113548936
48,13,587.0571274495438
48,14,69.1960477917024
48,15,385.237463286806
48,16,593.9809288975871
48,17,270.3311649860663
48,18,584.8803466919887
48,19,80.87829169685648
48,20,59.49904065663906
48,21,375.38075533772206
48,22,64.62035777930119
48,23,378.22144841528814
48,24,172.92736422958862
48,25,178.21499496165742
48,26,44.08825025311399
48,27,408.0596640491446
48,28,528.8364798968631
48,29,539.7619480990617
48,30,371.53830246897405
49,1,785.9530989432301
49,2,1018.6878272788177
49,3,754.2329161244132
49,4,1609.7068375770048
49,5,1476.2455935051958
49,6,828.230753249554
49,7,1085.862867574438
49,8,1522.9014302656506
49,9,1268.6054499932638
49,10,1010.4582063209521
49,11,62.892417653208305
49,12,1024.6780878676782
49,13,660.0773215082164
49,14,1287.139069446517
49,15,1596.3952563537348
49,16,122.42292236677594
49,17,116.3870547251316
49,18,885.2988057870563
49,19,1561.1462008207097
49,20,1461.196351208104
49,21,247.10614918692298
49,22,919.1398620203494
49,23,817.3576363599725
49,24,343.85672125865574
49,25,545.6791010156346
49,26,504.1815251619248
49,27,1406.6552260465114
49,28,1622.3347275121102
49,29,966.5315953210019
49,30,715.3927879648046
50,1,8.463792890425418
50,2,1.7090570878148346
50,3,6.336687840141437
50,4,2.3702307574309858
50,5,5.586874158291621
50,6,5.513072834930072
50,7,2.527737262113679
50,8,3.9923264510462757
50,9,7.302601696954727
50,10,7.466495813820618
50,11,3.472266400579171
50,12,1.6185308955020492
50,13,3.011305320151295
50,14,3.2023754097184947
50,15,7.207797400773432
50,16,8.327290229309178
50,17,0.8772416574830857
50,18,6.886003925136497
50,19,2.8872577418136283
50,20,7.19886898006629
50,21,3.1695649631339458
50,22,7.519144313742915
50,23,0.501912133414853
50,24,1.3879164529886971
50,25,2.3072722051289842
50,26,4.270676237182961
50,27,3.612498789619862
50,28,8.291794211905179
50,29,3.222845182884204
50,30,0.7765742945229108
51,1,2319.2140102720005
51,2,2747.3429873661385
51,3,743.7312931226652
51,4,1548.3721288623656
51,5,397.08666620822845
51,6,1916.7641772264446
51,7,617.2013013308939
51,8,2331.860942095471
51,9,1643.7774003486188
51,10,521.8254706636544
51,11,102.04242460407568
51,12,2179.426399217638
51,13,399.00575346668984
51,14,1123.0895704013603
51,15,2437.135997960502
51,16,1667.2282908601037
51,17,2441.017105027175
51,18,841.051955909327
51,19,2007.2566045399744
51,20,1619.279443848571
51,21,2537.9763725341145
51,22,1423.4084096671065
51,23,284.4090114997462
51,24,1325.0647461965261
51,25,2029.9529300690872
51,26,476.90231948203416
51,27,234.4091695926557
51,28,1818.4738190219246
51,29,377.45531428649025
51,30,1239.4788449868283
52,1,294.1334626840424
52,2,180.6257573121056
52,3,1081.479363297556
52,4,1267.6652306782944
52,5,1031.1230387019475
52,6,590.8796812766532
52,7,1005.3233682144191
52,8,993.2042672793656
52,9,804.9907480994101
52,10,88.90640315162189
52,11,1181.2020197007705
52,12,622.8768658686905
52,13,548.7326180332917
52,14,857.9289828846993
52,15,54.11492011699737
52,16,821.4629416301048
52,17,225.7859530601335
52,18,614.8634248893835
52,19,323.91006077124666
52,20,1329.6707686604484
52,21,1266.4136915366237
52,22,154.4814023737037
52,23,922.7943339020115
52,24,948.1434450672674
52,25,679.0071885535758
52,26,864.9812176246044
52,27,1326.98301179565
52,28,1177.9829401245026
52,29,1155.5420190450272
52,30,155.6786950428667
53,1,1709.8945683869426
53,2,1492.1958018332807
53,3,1252.6618891285832
53,4,1344.2424160578655
53,5,2077.8370059116373
53,6,996.547510017758
53,7,1515.687510720932
53,8,1995.9783988684148
53,9,1074.001845704299
53,10,1842.4735384280702
53,11,1227.3289143925997
53,12,865.1729841410894
53,13,2093.534569116948
53,14,458.89159135062994
53,15,1788.3727977786732
53,16,1166.8656796792561
53,17,1463.9529749727315
53,18,874.827748159464
53,19,910.0344854007104
53,20,578.5939088622995
53,21,1073.7172340531422
53,22,1505.861954527617
53,23,507.11879242283885
53,24,945.7294665783414
53,25,252.61053540736458
53,26,277.018014714844
53,27,620.3349735445125
53,28,1091.2932153434258
53,29,399.01729233724177
53,30,179.86234488266317
54,1,445.24214619600434
54,2,674.9464634168505
54,3,205.70766447714539
54,4,512.6535276070841
54,5,538.5064829148745
54,6,275.2383379165747
54,7,242.8522089830939
54,8,429.559177159138
54,9,224.85417773543057
54,10,103.42301638077177
54,11,132.94794845733858
54,12,89.96859092391865
54,13,148.14646803288662
54,14,332.1357700043982
54,15,372.9612775380973
54,16,354.98049429871986
54,17,200.3653113734626
54,18,37.20916369417277
54,19,235.48917590785027
54,20,612.6236016401856
54,21,307.35448877581473
54,22,475.2683021794161
54,23,107.19223230011578
54,24,239.4769268273322
54,25,139.55530664354018
54,26,197.69940161991713
54,27,381.8047991859962
54,28,570.480250203623
54,29,522.9322338304347
54,30,442.23820643294107
55,1,1537.0094296489747
55,2,774.8741865056985
55,3,2385.7132134072854
55,4,1994.5751094196412
55,5,1089.5711979813366
55,6,2687.3147023935
55,7,2870.4645544832065
55,8,2872.890658367344
55,9,2256.9519486675517
55,10,2906.7243275087476
55,11,2906.09173751679
55,12,733.2558098144887
55,13,1729.3151533421785
55,14,2072.7948016164287
55,15,2656.353369178848
55,16,584.6064093440017
55,17,370.1749765870673
55,18,2249.0473408794332
55,19,129.82469561840475
55,20,2375.879490558699
55,21,940.2831482829121
55,22,2504.4071989132613
55,23,1394.3285238636056
55,24,2599.674464622908
55,25,143.9506397573835
55,26,1234.4298877955744
55,27,968.474586716544
55,28,2027.5344561211214
55,29,2895.182274473095
55,30,112.91316646808531
56,1,142.4996579417565
56,2,507.843448819781
56,3,481.8128048640549
56,4,456.7836449075921
56,5,107.42526066922548
56,6,483.90467555655124
56,7,474.4922680014742
56,8,299.07903713659715
56,9,655.6618857510141
56,10,395.7066310528592
56,11,108.07895601426188
56,12,140.54822584583184
56,13,131.94323611649168
56,14,638.6709469147888
56,15,201.65716624377137
56,16,45.78447138291444
56,17,525.1667709176605
56,18,716.5775178565892
56,19,309.249057424533
56,20,449.11261916262913
56,21,171.36754020929058
56,22,782.9305104857923
56,23,39.799889904715315
56,24,206.8703427568964
56,25,58.59914818162153
56,26,106.00476396411757
56,27,726.0894961318032
56,28,691.8752369038161
56,29,335.5104899640295
56,30,697.7641926930706
57,1,352.14162868897154
57,2,517.3747207187513
57,3,777.5967053050426
57,4,76.41413950764839
57,5,446.9622754462553
57,6,782.707325217129
57,7,292.64308942795736
57,8,134.48183469328478
57,9,497.9090676927102
57,10,363.6147329912389
57,11,848.8371820005781
57,12,198.31732821144962
57,13,140.21809584051186
57,14,491.4826048360781
57,15,834.6685462577298
57,16,657.9417664911603
57,17,491.9587334040458
57,18,255.56828664169376
57,19,88.12742665662333
57,20,636.3402897589573
57,21,729.5254977932574
57,22,627.1813588220123
57,23,179.79091192043714
57,24,777.3108438641627
57,25,51.666694498416916
57,26,287.4326207721939
57,27,620.7705259449446
57,28,455.33197666117644
57,29,54.24460172988854
57,30,272.9433726917019
58,1,229.86622202763664
58,2,219.00710218974376
58,3,37.54020301345235
58,4,166.98138148614112
58,5,186.66651337158785
58,6,146.82481131328532
58,7,28.50487409524728
58,8,244.15813367776477
58,9,95.83274005554988
58,10,272.687109476437
58,11,191.20673524982055
58,12,258.16767321316354
58,13,70.23323967563273
58,14,299.5731540428445
58,15,312.0319162860507
58,16,151.6114571893669
58,17,266.4896882168032
58,18,293.13375884430656
58,19,317.73572728149514
58,20,46.71308782619367
58,21,304.3298782975393
58,22,65.51923559717027
58,23,174.33407109166734
58,24,24.28071472511023
58,25,245.89928560876268
58,26,240.12065157400542
58,27,16.327100897581722
58,28,287.21243918462426
58,29,285.412546656794
58,30,228.69681510460066
59,1,34.51164843608426
59,2,36.77429606534069
59,3,3.7140036709587436
59,4,36.81794497228842
59,5,9.493615789982195
59,6,2.6216018334082194
59,7,29.161734938318673
59,8,16.703503006540178
59,9,29.74530796111896
59,10,2.7535641540522255
59,11,27.273650341849148
59,12,24.011823766621244
59,13,30.167425672807784
59,14,34.682419978906864
59,15,30.335449529130265
59,16,21.93825062136625
59,17,31.81543745857952
59,18,37.88347969516737
59,19,41.50927328498547
59,20,39.712629086023384
59,21,4.664607110552793
59,22,6.73309000496924
59,23,26.75436734089162
59,24,14.580776118931329
59,25,4.338546999500517
59,26,25.13095212016192
59,27,3.4591720854460677
59,28,25.897227633511765
59,29,14.25857737020428
59,30,34.66571956463692
60,1,20.71311191052266
60,2,69.460706239939
60,3,88.22545215329566
60,4,39.304641390516224
60,5,12.372695757796379
60,6,19.048878911575287
60,7,119.6655306449773
60,8,5.764203684193852
60,9,128.40901222691426
60,10,135.03696270303413
60,11,58.13383526491573
60,12,108.5347422408312
60,13,146.3333614615896
60,14,53.74228363437644
60,15,61.62730468305005
60,16,102.20840522392598
60,17,25.606921900919414
60,18,132.099789754416
60,19,64.75730276594747
60,20,118.93766180443154
60,21,83.07889253130983
60,22,15.861640405427364
60,23,116.3645641819064
60,24,30.595027021026272
60,25,146.4689751136731
60,26,12.262133068936164
60,27,106.66788552883384
60,28,38.78256963204672
60,29,69.44054951013703
60,30,77.15171999727417
61,1,74.53433909125958
61,2,122.29076493450704
61,3,166.1716108444558
61,4,37.40228140760781
61,5,147.88953950458466
61,6,125.22221876585391
61,7,102.31523391543462
61,8,167.5212958118845
61,9,116.21631295679363
61,10,96.0701550372892
61,11,10.387905309093847
61,12,148.2789671006204
61,13,106.64603701368685
61,14,170.0452946526728
61,15,162.48290023130858
61,16,111.07628924936034
61,17,43.88988717379667
61,18,165.25246910895783
61,19,104.15440654847144
61,20,132.71772009537656
61,21,17.402329099971286
61,22,20.21544721828695
61,23,21.476756840271193
61,24,46.00049369426737
61,25,65.39150296817877
61,26,64.30534839268384
61,27,101.012104494647
61,28,6.773421893164903
61,29,174.6161674977884
61,30,145.53239717551202
62,1,874.6036724038153
62,2,888.4478211332505
62,3,124.6220860236759
62,4,123.16893498441736
62,5,259.235527059087
62,6,393.7102785084401
62,7,465.05658773633326
62,8,491.6136048914326
62,9,251.72864393961015
62,10,123.80144414735076
62,11,964.5279891767732
62,12,135.57054602059364
62,13,102.55134659680839
62,14,889.0266678947335
62,15,855.2793068698728
62,16,106.47551155844249
62,17,571.4066615149449
62,18,361.8860316061268
62,19,686.5257972704557
62,20,816.4177755450379
62,21,543.5305320636312
62,22,683.3301204370592
62,23,53.84643911581952
62,24,242.3307148081888
62,25,792.6844713138141
62,26,117.83619108036281
62,27,473.4258473901999
62,28,771.4296930642911
62,29,593.3132916392518
62,30,323.4311738552677
63,1,889.9554355752571
63,2,695.182571881775
63,3,738.560950225469
63,4,117.46599828207636
63,5,1022.195085694343
63,6,1454.820282718366
63,7,893.3592048523127
63,8,1035.6139003783808
63,9,556.019426449645
63,10,239.87107528733787
63,11,159.16505625133067
63,12,1233.067002065872
63,13,1214.8228458136757
63,14,1370.2553085651293
63,15,1168.2573696525906
63,16,322.6276881804647
63,17,405.96025640205096
63,18,445.70019793618053
63,19,1256.5734741178615
63,20,1396.0032879552793
63,21,1088.3824647835215
63,22,1422.6698145627904
63,23,687.4744175364358
63,24,1455.2412535555982
63,25,843.5364312857168
63,26,445.55353909582425
63,27,1284.0917037757147
63,28,1126.204633620479
63,29,1213.6121413755345
63,30,182.67641249380873
64,1,604.6668803797028
64,2,446.5064053717351
64,3,1196.7146626366373
64,4,979.1606506118496
64,5,414.7922904698265
64,6,1290.3831437159388
64,7,206.47410374537748
64,8,430.62032245228835
64,9,666.9165915849525
64,10,1052.0935810195106
64,11,65.27828267226299
64,12,1258.3270539527098
64,13,378.0937144289457
64,14,845.2204024783836
64,15,123.70993644465139
64,16,772.8542912952306
64,17,310.87759529635963
64,18,600.6424085273871
64,19,727.9135311809274
64,20,1103.1450933516926
64,21,1031.2603801587463
64,22,1043.5383210320333
64,23,605.4805148214456
64,24,725.7312697253191
64,25,1101.4446855057608
64,26,1071.824685690161
64,27,99.11179067008652
64,28,1326.3604583720603
64,29,161.00572588588773
64,30,625.485097078861
65,1,48.69822275918923
65,2,74.84561696393878
65,3,164.47971659214699
65,4,99.36312187443333
65,5,189.6594342206012
65,6,184.01517777656656
65,7,41.18114375224322
65,8,28.10487003895181
65,9,88.34734612032568
65,10,148.44489110086846
65,11,16.344765078333058
65,12,186.79943505396562
65,13,142.88900588886708
65,14,40.70267155750164
65,15,58.7272175222948
65,16,185.58750004985993
65,17,107.54270969313423
65,18,37.5359324772496
65,19,209.3136054049166
65,20,125.4240248058354
65,21,54.782740614162066
65,22,208.24617367371704
65,23,196.5648434543669
65,24,50.9289997281089
65,25,22.943814000190265
65,26,193.2959254277334
65,27,149.39097599776682
65,28,62.02522800137879
65,29,211.04615279869446
65,30,193.43334422348795
66,1,686.5757855752112
66,2,773.6137121319838
66,3,246.72316835730206
66,4,973.7951467661715
66,5,1223.770019205392
66,6,89.24916876719934
66,7,1080.4258191817469
66,8,45.8042189806474
66,9,199.2342923212304
66,10,1162.3310164012723
66,11,1044.5906485567473
66,12,940.6867689642245
66,13,464.47837580793345
66,14,179.04480213802753
66,15,1146.9879901883348
66,16,278.8207427942316
66,17,454.0115147978088
66,18,311.47462389145267
66,19,723.5205135201338
66,20,767.0462715973964
66,21,133.63182301460822
66,22,820.55359091143
66,23,52.522262674649085
66,24,818.0608193612395
66,25,58.94847823823291
66,26,847.5244115526157
66,27,943.4878872309681
66,28,1013.765375533239
66,29,97.01647705709769
66,30,512.7751620496397
67,1,599.3597238511753
67,2,2482.3380996038277
67,3,2195.0925607154813
67,4,1942.9978527024964
67,5,1924.984845679657
67,6,506.408000853452
67,7,1880.9283449291036
67,8,654.9264524028184
67,9,2984.093477656409
67,10,1775.510918681069
67,11,984.0276886807384
67,12,1209.7464645878952
67,13,2593.466730686627
67,14,2289.05380979822
67,15,1624.9722803194281
67,16,2773.591614627963
67,17,279.81086099745954
67,18,2057.8635858782827
67,19,1045.019292278651
67,20,1216.4432569079302
67,21,884.3529088327283
67,22,306.27527965520693
67,23,392.81505406869957
67,24,2277.248629453021
67,25,1816.0385087426278
67,26,2960.3884947716756
67,27,328.9898181764024
67,28,2902.8875442652798
67,29,3046.208291169256
67,30,2395.4428041927654
68,1,50.465149465631725
68,2,400.3542120006296
68,3,302.2176799432898
68,4,424.2272030889326
68,5,312.01295411892613
68,6,693.0249758741105
68,7,63.782498972071636
68,8,249.53226315070515
68,9,859.8433106406599
68,10,163.31177800295376
68,11,429.5143560916674
68,12,226.15667967394145
68,13,578.2074191572545
68,14,371.1041402469961
68,15,586.7681443337578
68,16,52.63073454366937
68,17,780.8191740679329
68,18,513.4585278610409
68,19,838.5443025189919
68,20,447.8245206786076
68,21,438.4590220664644
68,22,368.9775692306382
68,23,754.0882419784658
68,24,559.6258890752229
68,25,192.04947292335027
68,26,795.9617456919037
68,27,91.59811631293007
68,28,830.5621208432685
68,29,484.65669357382046
68,30,663.644562392192
69,1,662.6019660166536
69,2,604.591880448877
69,3,455.03544609427956
69,4,314.44009465232284
69,5,626.1534013176189
69,6,550.8119582266539
69,7,63.87409477805506
69,8,353.7649974578578
69,9,234.68717144836722
69,10,91.39689426540149
69,11,541.4651958298547
69,12,749.4926590374452
69,13,239.333987430312
69,14,233.5692640694065
69,15,380.70597564454516
69,16,113.3474514848075
69,17,720.613537091668
69,18,111.76791131579614
69,19,502.8381269261944
69,20,410.4878267301064
69,21,410.72008481552473
69,22,705.8518706753609
69,23,26.283843030514703
69,24,344.4704629865724
69,25,104.56037915097791
69,26,92.90095805195764
69,27,585.3657542576645
69,28,613.0965906967796
69,29,500.5889451804765
69,30,272.3511586973697
70,1,161.88262744927107
70,2,638.9038773198776
70,3,113.25837021344174
70,4,373.2453909123423
70,5,605.5831378980798
70,6,406.7753607453092
70,7,339.33718506668174
70,8,573.8642889073072
70,9,489.98851226684127
70,10,309.0900618805201
70,11,625.4709558496072
70,12,160.10375506335726
70,13,418.7208921013563
70,14,423.84930270697447
70,15,384.9626271843438
70,16,157.58999618689236
70,17,110.54250381088659
70,18,135.72737759383116
70,19,368.21112264725036
70,20,302.0631163539825
70,21,85.06013678316343
70,22,569.1696515692187
70,23,115.34125351608233
70,24,433.57271171410923
70,25,563.5921450173787
70,26,511.0545248445445
70,27,114.57927949267008
70,28,642.7950639913042
70,29,502.9824869923837
70,30,260.1416346773852
71,1,493.60964221764414
71,2,1135.9426958459017
71,3,1058.7614306289636
71,4,1007.0565589366505
71,5,148.6661910716809
71,6,1172.4027720747408
71,7,225.41608918916265
71,8,1103.3343767275878
71,9,545.825635254637
71,10,634.6151968396905
71,11,1060.0084832662296
71,12,938.7955011130109
71,13,618.880449379398
71,14,626.1528405269644
71,15,467.51182379629927
71,16,1244.9796950711211
71,17,1016.8176196798946
71,18,509.8785937856078
71,19,501.2786929344249
71,20,286.32934367095476
71,21,255.44737376780864
71,22,428.439630214766
71,23,447.9798738863493
71,24,1114.9991875107803
71,25,390.6319922278582
71,26,620.8336599409636
71,27,548.5237183504652
71,28,793.6372459594326
71,29,470.5522425694472
71,30,1006.2947779184586
72,1,14.689766840609115
72,2,49.266276515580884
72,3,2.445895243060367
72,4,5.9333813127923145
72,5,30.88433235544042
72,6,8.801845511559828
72,7,41.72177515121114
72,8,43.309357573515
72,9,23.666990761843476
72,10,14.37685506382008
72,11,35.14469871185347
72,12,4.11226828798191
72,13,47.898374507259675
72,14,46.26761690487859
72,15,44.72622621795285
72,16,47.294814704977064
72,17,5.257774177667017
72,18,33.721364526949316
72,19,43.1101406339355
72,20,38.140001420354714
72,21,14.406138275133861
72,22,16.582418584656487
72,23,30.473837011526264
72,24,14.741970180721385
72,25,45.64381060622446
72,26,36.57322263882244
72,27,10.05020367763865
72,28,22.464161657696355
72,29,9.110613738367062
72,30,5.13237478846814
73,1,334.47711645725616
73,2,930.2396907178326
73,3,260.3185622186378
73,4,802.1790317223838
73,5,170.40092735469528
73,6,801.7466280353859
73,7,98.49721205655793
73,8,228.63347979388743
73,9,187.4144724781088
73,10,122.25236459306052
73,11,760.363239600387
73,12,851.1542600730364
73,13,190.96642259822642
73,14,104.84419886945433
73,15,733.8214793781489
73,16,760.2335692345148
73,17,747.5989186906374
73,18,744.3161967525435
73,19,810.0141708367216
73,20,387.2389787659397
73,21,494.5278462932688
73,22,362.30155925293695
73,23,55.59260772222168
73,24,649.0742383117479
73,25,563.2192593185302
73,26,495.43398744105264
73,27,478.63698170068835
73,28,773.4038631660364
73,29,859.414994146991
73,30,494.25485916898765
74,1,132.7299987482338
74,2,138.99395405106304
74,3,87.50727538452438
74,4,44.41441467706399
74,5,106.74114150416054
74,6,110.19684592692187
74,7,98.50053650895396
74,8,103.29831178506069
74,9,40.79130487070668
74,10,73.03517889106918
74,11,64.43090626719156
74,12,7.892721878498454
74,13,132.5714088111526
74,14,68.26350985090859
74,15,42.29211897071607
74,16,41.85763893690067
74,17,55.35311534579281
74,18,49.99517219727153
74,19,153.02969623640817
74,20,29.52087520197289
74,21,143.3904124289948
74,22,65.21021680953551
74,23,42.35540882889762
74,24,45.313598235485884
74,25,76.28172766416209
74,26,36.55147127569527
74,27,81.06660500107813
74,28,89.85988692611855
74,29,159.27338317126416
74,30,48.83719020717771
75,1,282.76839317451964
75,2,415.901156378124
75,3,391.1010037739024
75,4,124.44631809772766
75,5,632.4910522267468
75,6,128.1674740741189
75,7,680.943812402099
75,8,706.5050716447465
75,9,257.12738198112334
75,10,768.7810805157826
75,11,448.9854454970034
75,12,411.63868149601984
75,13,770.1804422844622
75,14,92.26318002197557
75,15,106.49979378973757
75,16,146.5652002481796
75,17,143.6683636839353
75,18,386.12076896762676
75,19,61.67036920467584
75,20,53.157503273683794
75,21,226.90566095436853
75,22,210.23585386979593
75,23,609.8323668271051
75,24,347.66756065552926
75,25,289.1039115606478
75,26,511.73661324147866
75,27,227.60082844851823
75,28,779.7994180405049
75,29,769.4883683623594
75,30,554.9639061391176
76,1,74.1697927539462
76,2,90.45177491575335
76,3,109.06895238409803
76,4,114.39776772343706
76,5,122.37559744663662
76,6,85.54685492926336
76,7,9.409207943167674
76,8,124.72418906430929
76,9,70.70995419583781
76,10,64.10714038886617
76,11,81.2327574115279
76,12,56.757635409455794
76,13,12.764080733583182
76,14,17.520052508483886
76,15,83.78050362088113
76,16,89.84868914792573
76,17,102.48604857829358
76,18,51.171687461040484
76,19,80.20748372489017
76,20,105.50309807391731
76,21,49.192053102473366
76,22,95.90176938205109
76,23,115.30612164399437
76,24,12.928490613781985
76,25,114.31946414986375
76,26,102.94472421130541
76,27,89.5704530496286
76,28,74.93636739469306
76,29,123.37488142937772
76,30,21.421788189224934
77,1,42.21343832717559
77,2,62.998863142246
77,3,133.86482446419342
77,4,123.18560390025286
77,5,133.37443378535704
77,6,184.9911388642288
77,7,160.66122414102495
77,8,92.60376324750348
77,9,12.10517453247634
77,10,26.27143164907997
77,11,25.86562681563385
77,12,51.96297123022037
77,13,24.105628332964258
77,14,170.1304935037791
77,15,14.68847575078642
77,16,100.15731395974866
77,17,20.910876296896348
77,18,88.85999141550788
77,19,144.354524287702
77,20,107.31244203743668
77,21,151.74708072383766
77,22,90.72997643895599
77,23,50.30619169697815
77,24,14.7198537790576
77,25,80.9105759621973
77,26,38.91115257275543
77,27,56.58790127755756
77,28,51.570923265857
77,29,20.275980283514784
77,30,90.34602125008068
78,1,479.01664076827495
78,2,1274.8964491763334
78,3,921.4043827585951
78,4,1442.17783400492
78,5,220.2647695463837
78,6,1290.8600835216428
78,7,219.23511194548675
78,8,598.6641240375004
78,9,1327.316227848472
78,10,133.32476682386874
78,11,1435.5192213484625
78,12,145.97851860864506
78,13,877.6310787592315
78,14,1130.2972383339406
78,15,122.65232580142352
78,16,436.68732642631085
78,17,831.2711030581866
78,18,113.5760441374513
78,19,830.8397560605325
78,20,1162.2073437125177
78,21,311.1443584439621
78,22,431.24706084000826
78,23,1318.7470596601504
78,24,99.76979702038679
78,25,172.92002407674596
78,26,706.2788346147811
78,27,1026.478043962259
78,28,705.7541337978342
78,29,1363.7086523597488
78,30,701.006371426605
79,1,1395.7131189307365
79,2,153.15488202931672
79,3,980.1974514796427
79,4,596.4001721103003
79,5,517.6732492554162
79,6,837.6565383688419
79,7,927.9532514794748
79,8,623.2314031610599
79,9,823.8366508910881
79,10,752.6650449843735
79,11,456.2990879385627
79,12,722.5442205237287
79,13,367.8647517386441
79,14,592.5517475581406
79,15,1346.9668229029899
79,16,904.4887240496196
79,17,888.0301126523741
79,18,106.61935729482589
79,19,1446.729316959642
79,20,401.5368651521616
79,21,302.79676849835744
79,22,1132.4996774483106
79,23,96.23495262287365
79,24,582.4608018048427
79,25,69.88460430359407
79,26,887.5415170830329
79,27,408.1596066353839
79,28,138.81943520865426
79,29,637.4182663692975
79,30,73.38619543724542
80,1,245.0610635479435
80,2,672.2071120341159
80,3,115.9459010049857
80,4,280.1760045553971
80,5,652.886576991662
80,6,91.02652926235511
80,7,323.9772132122063
80,8,166.43693139382844
80,9,411.5263614968216
80,10,173.32705227071978
80,11,661.9360402336803
80,12,409.6318112795265
80,13,105.66704867197296
80,14,521.5424113633258
80,15,31.761065029284843
80,16,659.9829839080941
80,17,328.91597333939774
80,18,530.3988110294856
80,19,383.9430382566619
80,20,152.20245154391444
80,21,296.89032173877376
80,22,180.03139098787165
80,23,601.8032679927769
80,24,673.3925179446776
80,25,241.9271781360036
80,26,390.1044589420359
80,27,455.019620865293
80,28,567.5288185098876
80,29,542.531786550068
80,30,490.2828533186146
81,1,65.50401842186076
81,2,93.96038073900316
81,3,13.4786792805473
81,4,25.941371248013596
81,5,106.51928545438537
81,6,94.48132185508666
81,7,123.75087243605985
81,8,86.79266253889607
81,9,32.24679117651765
81,10,42.258090880799635
81,11,80.03716870295506
81,12,119.60636630538133
81,13,119.96068496020676
81,14,19.292370697969172
81,15,122.50750218044054
81,16,120.95210094461493
81,17,89.83304877463263
81,18,32.631962940124794
81,19,121.36442795845385
81,20,45.760738474849965
81,21,99.0804945957223
81,22,73.94286005733139
81,23,5.565101882086795
81,24,111.52286415485571
81,25,16.18888365139058
81,26,96.50299402595466
81,27,87.10827781450438
81,28,38.0602384797291
81,29,122.05005986341428
81,30,93.6973526204635
82,1,116.86511955190913
82,2,71.38197148691617
82,3,69.52947351091653
82,4,129.58515960449995
82,5,60.947866582089176
82,6,34.480808821240785
82,7,59.9431464552966
82,8,64.91751903840262
82,9,137.40290153305108
82,10,5.440385936301013
82,11,44.45473200995148
82,12,133.52877671054685
82,13,70.47889827921696
82,14,14.13894775369997
82,15,66.65045523194422
82,16,51.40875532557256
82,17,105.6961179064213
82,18,95.22396521044381
82,19,42.05141614007259
82,20,128.39366826590938
82,21,34.344896324768456
82,22,73.84123758661676
82,23,76.50044290046729
82,24,43.81463437290518
82,25,83.60893185360956
82,26,125.30955778768256
82,27,56.03307880582096
82,28,23.15346132816501
82,29,41.170697053328475
82,30,21.075135433504435
83,1,148.51923513003229
83,2,126.88540910145707
83,3,125.59011074945079
83,4,94.20554533688075
83,5,127.86847874562801
83,6,20.82405944294752
83,7,41.03115347406391
83,8,121.02686215648684
83,9,99.80388173657434
83,10,119.35434504691236
83,11,112.17525745416681
83,12,19.978914466389462
83,13,111.20997995010913
83,14,127.57682211825731
83,15,51.72759659966571
83,16,75.57801544961306
83,17,60.658291983204855
83,18,7.903073770589923
83,19,24.002763730093328
83,20,91.27502583729073
83,21,6.108664361391082
83,22,90.48530601043689
83,23,65.48006112998095
83,24,64.16984116450385
83,25,101.40004140486141
83,26,39.516892608896526
83,27,20.511048453973206
83,28,17.01450449762859
83,29,48.062943384163965
83,30,48.21523305543474
84,1,1043.318489601173
84,2,1651.3930731205232
84,3,2694.1695371903697
84,4,2494.7786753908854
84,5,1622.6807070434315
84,6,784.6806043010171
84,7,2316.3392188011694
84,8,199.465546067364
84,9,2584.4030568578046
84,10,951.8441130030217
84,11,2063.086769535206
84,12,2342.0837758690805
84,13,2346.8253616786174
84,14,1054.263073906398
84,15,1959.7979343076813
84,16,187.58049102020001
84,17,2281.9290847048746
84,18,405.1589141729326
84,19,293.733461521306
84,20,191.06082553759393
84,21,497.8594450406617
84,22,997.2541250878754
84,23,1150.7930715159162
84,24,820.9511726908407
84,25,787.8509755491193
84,26,789.089909582081
84,27,2575.3772867902712
84,28,2707.5757269208125
84,29,2131.0743015338553
84,30,1115.6582755515708
85,1,17.25079182671871
85,2,34.079095038006784
85,3,12.356879679971625
85,4,11.925927549916253
85,5,12.362909390941118
85,6,10.295319537667195
85,7,18.465044171023067
85,8,22.61149269284237
85,9,16.094186465654495
85,10,16.262960709562755
85,11,19.111915356422067
85,12,34.30041275030051
85,13,4.346831431001731
85,14,34.54356641572269
85,15,5.402714993764027
85,16,29.481521395348736
85,17,26.984820025531224
85,18,16.05016216768379
85,19,33.644527606453664
85,20,14.337327434350907
85,21,6.384835950186237
85,22,21.756720932930758
85,23,16.185766980487315
85,24,35.83204434610216
85,25,29.30469080373188
85,26,24.075178212768794
85,27,15.887547722497047
85,28,8.660254963770418
85,29,31.28049433672219
85,30,33.72468200515479
86,1,112.1517302620885
86,2,718.689765363055
86,3,814.519517249178
86,4,804.4317171282303
86,5,603.1388478369721
86,6,808.6763340812334
86,7,95.0263968651867
86,8,285.98571870429606
86,9,164.80592925977
86,10,374.53155019317865
86,11,508.1009626107557
86,12,198.529609489303
86,13,804.9216520335493
86,14,593.3418455457174
86,15,553.0107790492033
86,16,503.0685443329944
86,17,594.9613110279066
86,18,524.2677794877818
86,19,420.5266319209968
86,20,321.08957180390684
86,21,360.3801920185755
86,22,616.8886413245905
86,23,728.9519852489306
86,24,701.9323853315337
86,25,425.18002220604484
86,26,433.29454592432126
86,27,591.3372335484473
86,28,210.9227157693188
86,29,828.2845260004656
86,30,322.2520078749721
87,1,752.5826929081665
87,2,601.4990295273901
87,3,268.16452851494023
87,4,442.9347013908461
87,5,298.9695319071224
87,6,530.4181064629045
87,7,594.2944525738155
87,8,465.5330332110297
87,9,453.1847470829288
87,10,158.8004352993235
87,11,309.6636252619897
87,12,379.4611385334947
87,13,510.7709220828742
87,14,558.1017934724161
87,15,557.4959903965888
87,16,304.05520854884185
87,17,659.3689077101095
87,18,567.9668570078568
87,19,169.86475467736435
87,20,511.1763719209767
87,21,189.60598013644378
87,22,804.3610304915114
87,23,461.77759556164153
87,24,281.8834176481228
87,25,189.64547733775103
87,26,425.3300720151924
87,27,540.2378273308183
87,28,332.21171184637
87,29,543.1172077289186
87,30,203.85312191325386
88,1,171.71600677305065
88,2,666.1995568831446
88,3,200.01505298042866
88,4,293.0087837168588
88,5,443.87162833124216
88,6,115.7934459815296
88,7,242.60038414918805
88,8,675.5122451446359
88,9,364.8005417527375
88,10,94.72564487981047
88,11,490.1336429010032
88,12,674.2087472488722
88,13,278.5037393445248
88,14,116.43999785337164
88,15,578.3194428552855
88,16,462.22714638697755
88,17,314.9931140178946
88,18,418.65633101033006
88,19,670.0860249104703
88,20,596.4140158037022
88,21,241.06989267349505
88,22,155.21276704437838
88,23,567.0751226836958
88,24,651.6760326976179
88,25,151.1177108979769
88,26,420.17645128792236
88,27,119.89593604083684
88,28,283.8487307053563
88,29,413.06571066451176
88,30,544.5612912325836
89,1,385.17374946154865
89,2,312.2334490839913
89,3,309.565448170391
89,4,35.89842074580912
89,5,71.34588801069553
89,6,480.89644321751183
89,7,293.4688640704623
89,8,423.20593551972615
89,9,511.74946409544395
89,10,559.8130499578244
89,11,430.39804745880826
89,12,335.055374522345
89,13,193.40837381649115
89,14,539.7786933648739
89,15,369.5286543889298
89,16,614.56542416105
89,17,569.3248601874642
89,18,210.0240827692021
89,19,23.66258195521466
89,20,537.3721286336745
89,21,72.58736779277189
89,22,389.40514422006044
89,23,226.16264368679776
89,24,187.76622540169
89,25,487.5200185463052
89,26,60.42052063871416
89,27,263.34566111381713
89,28,455.7526798964585
89,29,589.4430817674063
89,30,234.54470107130751
90,1,71.21068039937298
90,2,56.06744971421584
90,3,119.48744129441276
90,4,91.070465979108
90,5,134.13335752473816
90,6,9.828183755740216
90,7,10.776279307114647
90,8,121.43091315202732
90,9,110.27573262540078
90,10,102.27229089416038
90,11,66.35509106840568
90,12,8.356495553765098
90,13,128.48685486645786
90,14,91.88942588980382
90,15,15.760254051056997
90,16,47.42524708702635
90,17,23.423561806706047
90,18,108.48508468631162
90,19,73.20061104581588
90,20,74.79491652320557
90,21,121.80769232812521
90,22,100.05446652069895
90,23,28.87000104565045
90,24,40.08288280840701
90,25,64.41712728841598
90,26,133.46629804500867
90,27,81.57837993056813
90,28,70.14830175624998
90,29,22.305073578443206
90,30,19.591067680992733
91,1,383.1992139534542
91,2,160.02664887172682
91,3,389.568631579921
91,4,76.92920676758538
91,5,33.943455531335225
91,6,128.86358037176012
91,7,411.87526331200326
91,8,296.8645904464129
91,9,54.15561170238409
91,10,282.13607525242185
91,11,277.07667724745323
91,12,555.3832149372116
91,13,363.93942751899647
91,14,522.2444245664565
91,15,169.99578110003824
91,16,302.51593383017354
91,17,241.54626765326216
91,18,49.89319409006434
91,19,231.8464862534369
91,20,347.9759595504746
91,21,411.2547667533733
91,22,666.8733394507874
91,23,477.6308902684148
91,24,345.5644912667195
91,25,240.49435389731562
91,26,25.317728632127224
91,27,36.17883701693891
91,28,590.811734185573
91,29,316.0494989553139
91,30,91.68181709733436
92,1,263.28975649691967
92,2,233.04665986156047
92,3,186.75647284626172
92,4,190.2148946227587
92,5,114.2263593019398
92,6,17.235854483023736
92,7,123.41394290139559
92,8,75.141972197342
92,9,169.75058539599465
92,10,142.85691753736324
92,11,278.41918771367006
92,12,167.06405054212837
92,13,29.443406200746054
92,14,113.42407230555247
92,15,121.14521741040615
92,16,89.04429948772811
92,17,124.32234647369376
92,18,272.5112801577967
92,19,150.38781056436403
92,20,221.20500573165387
92,21,165.76330748100102
92,22,217.62600739816003
92,23,180.19823093943583
92,24,98.1732387628148
92,25,237.97538192084627
92,26,284.79436994427016
92,27,144.85905393934982
92,28,11.868109550640824
92,29,182.02788487233582
92,30,48.31033115831128
93,1,98.50284177256854
93,2,377.97068866586045
93,3,34.7083842368183
93,4,76.6933910680254
93,5,537.0094831075442
93,6,660.5891593692452
93,7,598.3379129761626
93,8,450.9092494842794
93,9,96.3783961405396
93,10,533.1912046973769
93,11,219.70339287531365
93,12,408.14038928710636
93,13,722.2030056509185
93,14,305.912824948582
93,15,293.1235939420549
93,16,564.8027931024916
93,17,31.035002378617307
93,18,341.6851969354355
93,19,260.3610709715759
93,20,138.26237194893173
93,21,399.4247899515832
93,22,316.30449147243326
93,23,526.4925205259816
93,24,594.667642528248
93,25,515.8260230735402
93,26,683.823808118763
93,27,310.8051007532481
93,28,185.7789322024177
93,29,469.62866228668685
93,30,67.55659228095806
94,1,1337.9295688206037
94,2,1168.1118306551411
94,3,153.84244695959487
94,4,265.010112367724
94,5,1058.3978134637216
94,6,252.7516208834459
94,7,117.23493098500593
94,8,526.45772442038
94,9,979.0723742713299
94,10,994.1008340176616
94,11,230.41225069833365
94,12,300.0546982417261
94,13,1154.8768150086166
94,14,488.9622313931339
94,15,1089.730811226451
94,16,624.7515674100075
94,17,478.2586901818404
94,18,679.9206191269391
94,19,1041.1889843455363
94,20,196.77813217853867
94,21,1187.2637207872133
94,22,332.4298677470402
94,23,597.9770307822753
94,24,102.91635211502485
94,25,455.33984956374655
94,26,929.2932008036355
94,27,873.9755649727524
94,28,57.87587715776659
94,29,852.7688633878105
94,30,595.1694444791857
95,1,1032.2208231408674
95,2,843.999838384737
95,3,629.1342901119976
95,4,860.6908726624945
95,5,892.1084918467423
95,6,1347.262592126987
95,7,299.9359872618603
95,8,866.0025810366191
95,9,769.6577480212374
95,10,1206.94420518186
95,11,559.3850145646298
95,12,875.9690167765489
95,13,1322.689088635426
95,14,682.271701273184
95,15,1085.8881289480705
95,16,1074.9724195606705
95,17,364.18299587942903
95,18,624.4953341203649
95,19,158.38814150256817
95,20,679.5760981991872
95,21,701.9166674066315
95,22,732.6987373479296
95,23,562.3687220749518
95,24,261.97304906761343
95,25,1207.8846606607872
95,26,1013.7426473799861
95,27,298.6015325573532
95,28,472.9631201252472
95,29,780.4255116563935
95,30,76.98633633782477
96,1,1093.8702332776502
96,2,869.9218604145634
96,3,1104.7153673614473
96,4,63.270729923846865
96,5,1322.4478174226172
96,6,361.1262168138581
96,7,355.3537800302442
96,8,600.9509303148081
96,9,1088.65758737324
96,10,737.9476202563352
96,11,567.3240547205082
96,12,799.5520411660536
96,13,608.4764868663899
96,14,647.607987366194
96,15,892.9452882456206
96,16,1073.508172244275
96,17,293.09120788707764
96,18,1339.4436350157544
96,19,1036.7357502272746
96,20,1023.7639516508578
96,21,989.0847591205494
96,22,98.78463168646779
96,23,1398.3904640805526
96,24,1243.4846924792582
96,25,949.5638118284414
96,26,1321.6009644918784
96,27,1194.6824651551194
96,28,975.9401589214423
96,29,949.765971842332
96,30,1011.4276692919174
97,1,450.95019282400847
97,2,1719.4529906705866
97,3,736.7826933111651
97,4,1727.1173535206178
97,5,795.4399977495839
97,6,148.3839232502428
97,7,1695.0403536539957
97,8,711.1584697209661
97,9,1146.7124910836465
97,10,663.3622731640512
97,11,647.5203022544674
97,12,630.1902624947819
97,13,1233.6235942731935
97,14,977.1794059760765
97,15,715.4472980170227
97,16,467.5786652618606
97,17,1597.068022279043
97,18,1581.552855979406
97,19,249.88754088454962
97,20,1540.0710603310722
97,21,1341.590930753099
97,22,933.588199924739
97,23,964.2427969456334
97,24,318.6646488025622
97,25,544.1474303805389
97,26,575.8828334985171
97,27,1258.0771505343096
97,28,95.17552611450856
97,29,551.5675475911996
97,30,178.78134800372322
98,1,889.5425399019924
98,2,1278.5460528936119
98,3,698.4141829393733
98,4,1295.4440286619867
98,5,1333.6808064504453
98,6,1112.2463580483873
98,7,1346.9479575748458
98,8,1081.595182173968
98,9,1080.2903204849374
98,10,479.9046817936991
98,11,901.4939714135841
98,12,1060.2366713465726
98,13,562.1177458382975
98,14,237.27293395656895
98,15,474.2236003445185
98,16,1139.5729860882336
98,17,955.6616349372138
98,18,648.7804340718318
98,19,485.1705200057527
98,20,546.2926570703266
98,21,632.8704188349907
98,22,560.4829917571398
98,23,1366.5757340628943
98,24,872.5085494836295
98,25,1351.14719090623
98,26,1351.0479642807602
98,27,789.6244242556285
98,28,380.8531872129358
98,29,796.4771986968748
98,30,816.8796682739206
99,1,87.36691109428507
99,2,44.984452755856914
99,3,25.818249633989364
99,4,74.92214181113461
99,5,60.92800598577981
99,6,133.57643247105062
99,7,43.26445088951947
99,8,98.17215696449715
99,9,58.697975288853314
99,10,85.04409019023869
99,11,35.15436524907857
99,12,75.47477178125213
99,13,152.46878393917694
99,14,115.13423177637277
99,15,135.0738229396431
99,16,51.678283931819045
99,17,49.68237245291203
99,18,34.193957987819076
99,19,142.27083542759215
99,20,110.88967262920158
99,21,68.27486233809097
99,22,126.85136319622853
99,23,159.30512484314292
99,24,87.03587196879998
99,25,85.69867352027633
99,26,112.20519706437695
99,27,87.83968436028914
99,28,8.281909173236008
99,29,158.95145296242015
99,30,143.1640887644074
100,1,893.3931170052567
100,2,658.7782952342401
100,3,1426.136828396096
100,4,1023.9991464224393
100,5,1342.9665367648374
100,6,490.54939245205384
100,7,1388.0096735003788
100,8,1271.792331830364
100,9,1401.6231449229488
100,10,308.52850817935536
100,11,255.99663588593486
100,12,948.6100078967143
100,13,1020.5547505368806
100,14,313.6960814303942
100,15,1274.7542126873714
100,16,502.13358595192994
100,17,749.0172735112882
100,18,447.61536867128285
100,19,903.3913428192149
100,20,540.7480135305357
100,21,88.83271633610781
100,22,792.2044113676241
100,23,325.9476285524247
100,24,393.7146170038666
100,25,1397.5295329597259
100,26,870.1742293881999
100,27,1125.6211790834395
100,28,159.09979655633603
100,29,1151.7462910297786
100,30,497.7538403052785
101,1,33.87818831560387
101,2,103.96672694395842
101,3,131.26007694151863
101,4,108.911597758274
101,5,124.35797248658466
101,6,61.77175258366054
101,7,115.82328966211792
101,8,94.5458968894354
101,9,45.83143302300951
101,10,90.07831462768318
101,11,121.13222445470855
101,12,47.09463503014277
101,13,115.58838036570967
101,14,42.214975431432656
101,15,79.17147851053267
101,16,18.02964311990436
101,17,68.24657696558357
101,18,76.54196143819753
101,19,130.00982172653352
101,20,116.6838786779309
101,21,97.63111934261069
101,22,52.67113156871027
101,23,135.30631326180858
101,24,107.60758026723443
101,25,52.38162298417725
101,26,22.496895132117007
101,27,8.625887536916261
101,28,104.86177429362642
101,29,12.688171974567885
101,30,18.40068551482485
